begin;

INSERT INTO USUARIO (NOME, EMAIL, SENHA) VALUES
    ('Rafael Elter', 'rafaelelter@gmail.com', '12345678'),
    ('Arthur Krieger', 'arthurkrieger@gmail.com', '12345678'),
    ('Renata Galante', 'renatagalante@gmail.com', '12345678');

INSERT INTO PLANO (NOME, PRECO, DURACAO) VALUES
    ('Completo Ano', 25.00, 365), 
    ('Completo Mês', 5.00, 30), 
    ('Ações Ano', 12.00, 365);

INSERT INTO COMPRA (DATA, DATA_EXPIRACAO, VALOR, ID_USUARIO, ID_PLANO) VALUES
    ('2020-01-01', '2021-01-01', 25.00, 1, 1),
    ('2020-01-01', '2020-02-01', 5.00, 2, 2),
    ('2020-01-01', '2021-01-01', 12.00, 3, 3);

INSERT INTO EMPRESA (CNPJ, NOME) VALUES
    (60872504000123, 'Itau Unibanco'),
    (33592510000154, 'Vale do Rio Doce S.A.'),
    (10406511000161, 'XPTO S.A.'),
    (11455378000104, 'XPTO S.A.'),
    (19909560000191, 'XPTO S.A.'),
    (28757546000100, 'XPTO S.A.'),
    (09072017000129, 'XPTO S.A.'),
    (11728688000147, 'XPTO S.A.');


INSERT INTO ATIVO (ISIN, ID_EMPRESA, TICKER) VALUES
    ('BRITUBACNPR1', 60872504000123, 'ITUB4'),
    ('BRITUBACNOR4', 60872504000123, 'ITUB3'),
    ('BRVALEACNOR0', 33592510000154, 'VALE3'),
    ('BRBOVACTF003', 10406511000161, 'BOVA11'),
    ('BRBRAXCTF002', 11455378000104, 'BRAX11'),
    ('BRIVVBCTF001', 19909560000191, 'IVVB11'),
    ('BRXPMLCTF000', 28757546000100, 'XPML11'),
    ('BRHGRECTF006', 09072017000129, 'HGRE11'),
    ('BRHGLGCTF004', 11728688000147, 'HGLG11');

INSERT INTO ACAO (ISIN_ATIVO, TIPO, SETOR) VALUES
    ('BRITUBACNPR1', 'PN', 'Financeiro'),
    ('BRITUBACNOR4', 'ON', 'Financeiro'),
    ('BRVALEACNOR0', 'ON', 'Mineração');

INSERT INTO INDICE (NOME, DESCRICAO) VALUES
    ('S&P 500', 'O S&P 500 é amplamente considerado o melhor indicador das ações large cap dos EUA.'),
    ('IBOVESPA', 'Ibovespa é o principal índice do mercado de ações. É composto pelas ações e units exclusivamente de ações de companhias listadas na B3 que atendem aos critérios de inclusão descritos em sua metodologia.'),
    ('IBrX 100', 'O objetivo do IBrX 100 é ser o indicador do desempenho médio das cotações dos 100 ativos de maior negociabilidade e representatividade do mercado de ações brasileiro.');

INSERT INTO FUNDO (ISIN_ATIVO,ID_ADM) VALUES
    ('BRXPMLCTF000', 11728688000147),
    ('BRHGRECTF006', 11728688000147),
    ('BRHGLGCTF004', 11728688000147);

INSERT INTO FUNDO_IMOBILIARIO (ISIN_ATIVO,TIPO) VALUES
    ('BRXPMLCTF000', 'Tijolo'),
    ('BRHGLGCTF004', 'Tijolo');

INSERT INTO ETF (ISIN_ATIVO, ID_INDICE) VALUES
    ('BRHGRECTF006', 2);

INSERT INTO COMPOSTO_POR (ISIN_ATIVO, ISIN_ETF, PORCENTAGEM) VALUES
    ('BRITUBACNPR1', 'BRHGRECTF006', 100),
    ('BRITUBACNOR4', 'BRHGRECTF006', 100),
    ('BRVALEACNOR0', 'BRHGRECTF006', 100);

INSERT INTO TRANSACIONA (TIPO, QUANTIDADE, PRECO, ID_USUARIO, ISIN_ATIVO) VALUES
    ('C', 1000, 100, 1, 'BRITUBACNPR1'),
    ('C', 1000, 200, 2, 'BRITUBACNPR1'),
    ('C', 100,  100, 2, 'BRBOVACTF003'),
    ('C', 10,   10,  1, 'BRXPMLCTF000');

INSERT INTO HISTORICO_INDICE (ID_INDICE, DATA, OPEN, HIGH, LOW ,CLOSE) VALUES
    (1, '2021-01-01', 100, 1000, 50,    10),
    (1, '2021-01-02', 50,  10,   500,   700),
    (1, '2021-01-03', 10,  100,  5000,  700);

INSERT INTO HISTORICO_ATIVOS (ISIN_ATIVO, DATA, OPEN, HIGH, LOW ,CLOSE, ADJ_CLOSE, VOLUME) VALUES
    ('BRITUBACNPR1', '2021-01-01', 100, 1000, 50, 10, 12, 100000 ),
    ('BRBRAXCTF002', '2021-01-01', 100, 1000, 50, 10, 12, 100000 ),
    ('BRBRAXCTF002', '2021-01-02', 100, 1000, 50, 10, 12, 100000 );

INSERT INTO EVENTO (ISIN, TIPO, DATA, VALOR) VALUES
    ('BRBRAXCTF002', 'SPLIT',   '2021-01-01', 2),
    ('BRBRAXCTF002', 'INSPLIT', '2021-01-01', 2),
    ('BRITUBACNPR1', 'INSPLIT', '2021-01-01', 2);

COMMIT;